﻿pos_x,pos_y,rotation,side,designator,mpn,pack,footprint,value,mount_type
180.2,-87.75,180.0,bottom,BT1,,None,BAT_BH-18650-PC,BH-18650-PC,tht
176.55,-123.585786,180.0,bottom,BT201,,None,BAT_BH-18650-PC,BH-18650-PC,tht
193.0,-54.7125,90.0,top,C1,,,C_1206_3216Metric_Pad1.33x1.80mm_HandSolder,10uF,smt
207.5,-59.0375,-90.0,top,C2,,,C_1206_3216Metric_Pad1.33x1.80mm_HandSolder,0.1uF,smt
186.8375,-115.385786,0.0,top,C201,,,C_1206_3216Metric_Pad1.33x1.80mm_HandSolder,22uF,smt
182.175,-49.05,90.0,top,D1,,,D_1206_3216Metric_Pad1.42x1.75mm_HandSolder,1N4148,smt
177.675,-49.0625,90.0,top,D2,,,D_1206_3216Metric_Pad1.42x1.75mm_HandSolder,1N4148,smt
222.2875,-115.6,180.0,top,D201,,,LED_1206_3216Metric_Pad1.42x1.75mm_HandSolder,PWR-LED,smt
134.425,-81.1,90.0,top,J1,,,JST_XH_B4B-XH-A_1x04_P2.50mm_Vertical,I2C 3v3,tht
134.5,-66.6,90.0,top,J2,,,JST_XH_B8B-XH-A_1x08_P2.50mm_Vertical,ePaper,tht
223.4,-122.085786,-90.0,top,J201,,,JST_XH_B2B-XH-A_1x02_P2.50mm_Vertical,PWR-OUT,tht
164.0,-131.985786,180.0,top,J202,,,JST_XH_B2B-XH-A_1x02_P2.50mm_Vertical,Ext.Sw,tht
142.5,-63.775,90.0,top,J3,,,JST_XH_B5B-XH-A_1x05_P2.50mm_Vertical,SPS30,tht
135.5,-100.6,180.0,top,J4,,,PinSocket_1x06_P2.54mm_Vertical,BME/P280,tht
180.0,-67.1,0.0,top,J5,,,JST_XH_B2B-XH-A_1x02_P2.50mm_Vertical,Ext.Sw,tht
150.0,-66.6,90.0,top,J6,,,JST_XH_B8B-XH-A_1x08_P2.50mm_Vertical,PMS5003,tht
215.5,-56.4,-90.0,bottom,LS1,,None,XDCR_CPI-148-24-90T-67,PIEZO,tht
188.1875,-49.1,0.0,top,Q1,,,SOT-23,AO3401,smt
188.0625,-55.1,0.0,top,Q2,,,SOT-23,BSS138,smt
185.9,-123.435786,180.0,top,Q201,,,SOT-23,AO3401,smt
181.2625,-127.185786,0.0,top,Q202,,,SOT-23,BC848,smt
181.4625,-119.785786,0.0,top,Q203,,,SOT-23,BC848,smt
187.9375,-61.15,0.0,top,Q3,,,SOT-23,BSS138,smt
193.0,-49.0,90.0,top,R1,,,R_1206_3216Metric_Pad1.30x1.75mm_HandSolder,100k,smt
160.95,-56.6,0.0,top,R10,,,R_1206_3216Metric_Pad1.30x1.75mm_HandSolder,10k,smt
160.95,-67.1,0.0,top,R11,,,R_1206_3216Metric_Pad1.30x1.75mm_HandSolder,10k,smt
177.675,-55.0,-90.0,top,R2,,,R_1206_3216Metric_Pad1.30x1.75mm_HandSolder,10R-220R,smt
187.05,-127.785786,0.0,top,R201,,,R_1206_3216Metric_Pad1.30x1.75mm_HandSolder,100k,smt
186.8875,-118.985786,0.0,top,R202,,,R_1206_3216Metric_Pad1.30x1.75mm_HandSolder,100k,smt
186.95,-131.385786,180.0,top,R203,,,R_1206_3216Metric_Pad1.30x1.75mm_HandSolder,660k,smt
215.25,-115.6,0.0,top,R204,,,R_1206_3216Metric_Pad1.30x1.75mm_HandSolder,330R,smt
163.25,-115.6,0.0,top,R205,,,R_1206_3216Metric_Pad1.30x1.75mm_HandSolder,10R,smt
182.175,-55.1,90.0,top,R3,,,R_1206_3216Metric_Pad1.30x1.75mm_HandSolder,100k,smt
204.5,-53.15,-90.0,top,R4,,,R_1206_3216Metric_Pad1.30x1.75mm_HandSolder,100k,smt
204.5,-59.15,-90.0,top,R5,,,R_1206_3216Metric_Pad1.30x1.75mm_HandSolder,100k,smt
215.05,-56.6,180.0,top,R6,,,R_1206_3216Metric_Pad1.30x1.75mm_HandSolder,10R-220R,smt
203.5,-93.65,90.0,top,R7,,,R_1206_3216Metric_Pad1.30x1.75mm_HandSolder,1k,smt
215.5,-47.6,0.0,top,R8,,,R_1206_3216Metric_Pad1.30x1.75mm_HandSolder,100k,smt
193.0,-61.15,90.0,top,R9,,,R_1206_3216Metric_Pad1.30x1.75mm_HandSolder,100k,smt
161.0,-80.6,90.0,top,SW1,,,SW_PUSH_6mm_H4.3mm,PWR,tht
174.8,-120.085786,-90.0,top,SW201,,,SW_PUSH_6mm_H4.3mm,PWR,tht
164.5,-58.7,90.0,bottom,U1,,,TP4056_USB-Charger_Board,~,tht
201.0,-57.7,-90.0,bottom,U2,,,Mini DC-DC Boost Convertor,Mini DC-DC Convertor,tht
140.9,-123.585786,180.0,top,U201,,,TP4056_USB-Charger_Board,~,tht
200.7,-123.285786,0.0,top,U202,,,Mini DC-DC Boost Convertor,Mini DC-DC Convertor,tht
198.975,-87.54,-90.0,top,U3,,None,MODULE_ESP32_DEVKIT_V1_30pin,ESP32-DEVKIT-V1 30pin,tht
