﻿Designator,Quantity,Value,Footprint,Package,MPN,DNP,Mount_Type,MF,MAXIMUM_PACKAGE_HEIGHT,Price,Check_prices,STANDARD,PARTREV,SnapEDA_Link,MP,Description_1,Availability,MANUFACTURER,Description,Sim.Device,Sim.Pins,Purchase-URL
"BT1, BT201",2,BH-18650-PC,BAT_BH-18650-PC,None,,,tht,MPD (Memory Protection Devices),21.31mm,None,https://www.snapeda.com/parts/BH-18650-PC/MPD/view-part/?ref=eda,Manufacturer Recommendation,05/17/19,https://www.snapeda.com/parts/BH-18650-PC/MPD/view-part/?ref=snap,BH-18650-PC,Battery Holder (Open) 18650 1 Cell PC Pin,In Stock,MPD,,,,
C1,1,10uF,C_1206_3216Metric_Pad1.33x1.80mm_HandSolder,,,,smt,,,,,,,,,,,,Polarized capacitor,,,
C2,1,0.1uF,C_1206_3216Metric_Pad1.33x1.80mm_HandSolder,,,,smt,,,,,,,,,,,,"Unpolarized capacitor, small symbol",,,
C201,1,22uF,C_1206_3216Metric_Pad1.33x1.80mm_HandSolder,,,,smt,,,,,,,,,,,,Polarized capacitor,,,
"D1, D2",2,1N4148,D_1206_3216Metric_Pad1.42x1.75mm_HandSolder,,,,smt,,,,,,,,,,,,"Diode, filled shape",D,1=K 2=A,
J1,1,I2C 3v3,JST_XH_B4B-XH-A_1x04_P2.50mm_Vertical,,,,tht,,,,,,,,,,,,"Generic connector, single row, 01x04, script generated",,,
J2,1,ePaper,JST_XH_B8B-XH-A_1x08_P2.50mm_Vertical,,,,tht,,,,,,,,,,,,"Generic connector, single row, 01x08, script generated",,,
J201,1,PWR-OUT,JST_XH_B2B-XH-A_1x02_P2.50mm_Vertical,,,,tht,,,,,,,,,,,,"Generic connector, single row, 01x02, script generated",,,
"J202, J5",2,Ext.Sw,JST_XH_B2B-XH-A_1x02_P2.50mm_Vertical,,,,tht,,,,,,,,,,,,"Generic connector, single row, 01x02, script generated",,,
J3,1,SPS30,JST_XH_B5B-XH-A_1x05_P2.50mm_Vertical,,,,tht,,,,,,,,,,,,"Generic connector, single row, 01x05, script generated",,,
J4,1,BME/P280,PinSocket_1x06_P2.54mm_Vertical,,,,tht,,,,,,,,,,,,"Generic connector, single row, 01x06, script generated",,,
J6,1,PMS5003,JST_XH_B8B-XH-A_1x08_P2.50mm_Vertical,,,,tht,,,,,,,,,,,,"Generic connector, single row, 01x08, script generated",,,
LS1,1,PIEZO,XDCR_CPI-148-24-90T-67,None,,,tht,Same Sky,7.5mm,None,https://www.snapeda.com/parts/CPI-148-24-90T-67/Same+Sky/view-part/?ref=eda,Manufacturer Recommendations,1,https://www.snapeda.com/parts/CPI-148-24-90T-67/Same+Sky/view-part/?ref=snap,CPI-148-24-90T-67,"13.9 mm, 24 Vdc, 90 dB, Through Hole, Piezo Audio Indicator Buzzer",In Stock,CUI Inc,,,,https://www.snapeda.com/api/url_track_click_mouser/?unipart_id=11811938&manufacturer=Same Sky&part_name=CPI-148-24-90T-67&search_term=piezo buzzer
"Q1, Q201",2,AO3401,SOT-23,,,,smt,,,,,,,,,,,,"-74A Id, -55V Vds, Single P-Channel HEXFET Power MOSFET, 20mOhm Ron, TO-220AB",,,
"Q2, Q3",2,BSS138,SOT-23,,,,smt,,,,,,,,,,,,"0.2A Id, 200V Vds, N-Channel MOSFET, 2.6V Logic Level, TO-92",,,
"Q202, Q203",2,BC848,SOT-23,,,,smt,,,,,,,,,,,,"0.1A Ic, 30V Vce, NPN Transistor, SOT-23",NPN,1=B 2=E 3=C,
"R1, R201, R202, R3, R4, R5, R8, R9",8,100k,R_1206_3216Metric_Pad1.30x1.75mm_HandSolder,,,,smt,,,,,,,,,,,,Resistor,,,
"R10, R11",2,10k,R_1206_3216Metric_Pad1.30x1.75mm_HandSolder,,,,smt,,,,,,,,,,,,Resistor,,,
"R2, R6",2,10R-220R,R_1206_3216Metric_Pad1.30x1.75mm_HandSolder,,,,smt,,,,,,,,,,,,Resistor,,,
R203,1,660k,R_1206_3216Metric_Pad1.30x1.75mm_HandSolder,,,,smt,,,,,,,,,,,,Resistor,,,
R7,1,1k,R_1206_3216Metric_Pad1.30x1.75mm_HandSolder,,,,smt,,,,,,,,,,,,Resistor,,,
"SW1, SW201",2,PWR,SW_PUSH_6mm_H4.3mm,,,,tht,,,,,,,,,,,,"Push button switch, generic, two pins",,,
"U1, U201",2,~,TP4056_USB-Charger_Board,,,,tht,,,,,,,,,,,,,,,
"U2, U202",2,Mini DC-DC Convertor,Mini DC-DC Boost Convertor,,,,tht,,,,,,,,,,,,,,,
U3,1,ESP32-DEVKIT-V1 30pin,MODULE_ESP32_DEVKIT_V1_30pin,None,,,tht,Do it,6.8 mm,None,https://www.snapeda.com/parts/ESP32-DEVKIT-V1/Do+it/view-part/?ref=eda,Manufacturer Recommendations,N/A,https://www.snapeda.com/parts/ESP32-DEVKIT-V1/Do+it/view-part/?ref=snap,ESP32-DEVKIT-V1,"Dual core, Wi-Fi: 2.4 GHz up to 150 Mbits/s,BLE (Bluetooth Low Energy) and legacy Bluetooth, 32 bits, Up to 240 MHz",Not in stock,DOIT,,,,
