﻿pos_x,pos_y,rotation,side,designator,mpn,pack,footprint,value,mount_type
180.2,-86.15,180.0,bottom,BT1,,None,BAT_BH-18650-PC,BH-18650-PC,tht
176.55,-116.6,180.0,bottom,BT201,,None,BAT_BH-18650-PC,BH-18650-PC,tht
193.0,-53.1125,90.0,top,C1,,,C_1206_3216Metric_Pad1.33x1.80mm_HandSolder,10uF,smt
207.5,-57.4375,-90.0,top,C2,,,C_1206_3216Metric_Pad1.33x1.80mm_HandSolder,0.1uF,smt
186.8375,-108.4,0.0,top,C201,,,C_1206_3216Metric_Pad1.33x1.80mm_HandSolder,22uF,smt
182.175,-47.45,90.0,top,D1,,,D_1206_3216Metric_Pad1.42x1.75mm_HandSolder,1N4148,smt
177.675,-47.4625,90.0,top,D2,,,D_1206_3216Metric_Pad1.42x1.75mm_HandSolder,1N4148,smt
134.425,-79.5,90.0,top,J1,,,JST_XH_B4B-XH-A_1x04_P2.50mm_Vertical,I2C 3v3,tht
134.5,-65.0,90.0,top,J2,,,JST_XH_B8B-XH-A_1x08_P2.50mm_Vertical,ePaper,tht
223.4,-115.1,-90.0,top,J201,,,JST_XH_B2B-XH-A_1x02_P2.50mm_Vertical,PWR-OUT,tht
164.0,-125.0,180.0,top,J202,,,JST_XH_B2B-XH-A_1x02_P2.50mm_Vertical,Ext.Sw,tht
142.5,-62.175,90.0,top,J3,,,JST_XH_B5B-XH-A_1x05_P2.50mm_Vertical,SPS30,tht
135.5,-99.0,180.0,top,J4,,,PinSocket_1x06_P2.54mm_Vertical,BME/P280,tht
180.0,-65.5,0.0,top,J5,,,JST_XH_B2B-XH-A_1x02_P2.50mm_Vertical,Ext.Sw,tht
150.0,-65.0,90.0,top,J6,,,JST_XH_B8B-XH-A_1x08_P2.50mm_Vertical,PMS5003,tht
215.5,-54.8,-90.0,bottom,LS1,,None,XDCR_CPI-148-24-90T-67,PIEZO,tht
188.1875,-47.5,0.0,top,Q1,,,SOT-23,AO3401,smt
188.0625,-53.5,0.0,top,Q2,,,SOT-23,BSS138,smt
185.9,-116.45,180.0,top,Q201,,,SOT-23,AO3401,smt
181.2625,-120.2,0.0,top,Q202,,,SOT-23,BC848,smt
181.4625,-112.8,0.0,top,Q203,,,SOT-23,BC848,smt
187.9375,-59.55,0.0,top,Q3,,,SOT-23,BSS138,smt
193.0,-47.4,90.0,top,R1,,,R_1206_3216Metric_Pad1.30x1.75mm_HandSolder,100k,smt
160.95,-55.0,0.0,top,R10,,,R_1206_3216Metric_Pad1.30x1.75mm_HandSolder,10k,smt
160.95,-65.5,0.0,top,R11,,,R_1206_3216Metric_Pad1.30x1.75mm_HandSolder,10k,smt
177.675,-53.4,-90.0,top,R2,,,R_1206_3216Metric_Pad1.30x1.75mm_HandSolder,10R-220R,smt
187.05,-120.8,0.0,top,R201,,,R_1206_3216Metric_Pad1.30x1.75mm_HandSolder,100k,smt
186.8875,-112.0,0.0,top,R202,,,R_1206_3216Metric_Pad1.30x1.75mm_HandSolder,100k,smt
186.95,-124.4,180.0,top,R203,,,R_1206_3216Metric_Pad1.30x1.75mm_HandSolder,660k,smt
182.175,-53.5,90.0,top,R3,,,R_1206_3216Metric_Pad1.30x1.75mm_HandSolder,100k,smt
204.5,-51.55,-90.0,top,R4,,,R_1206_3216Metric_Pad1.30x1.75mm_HandSolder,100k,smt
204.5,-57.55,-90.0,top,R5,,,R_1206_3216Metric_Pad1.30x1.75mm_HandSolder,100k,smt
215.05,-55.0,180.0,top,R6,,,R_1206_3216Metric_Pad1.30x1.75mm_HandSolder,10R-220R,smt
203.5,-92.05,90.0,top,R7,,,R_1206_3216Metric_Pad1.30x1.75mm_HandSolder,1k,smt
215.5,-46.0,0.0,top,R8,,,R_1206_3216Metric_Pad1.30x1.75mm_HandSolder,100k,smt
193.0,-59.55,90.0,top,R9,,,R_1206_3216Metric_Pad1.30x1.75mm_HandSolder,100k,smt
161.0,-79.0,90.0,top,SW1,,,SW_PUSH_6mm_H4.3mm,PWR,tht
174.8,-113.1,-90.0,top,SW201,,,SW_PUSH_6mm_H4.3mm,PWR,tht
164.5,-57.1,90.0,bottom,U1,,,TP4056_USB-Charger_Board,~,tht
201.0,-56.1,-90.0,bottom,U2,,,Mini DC-DC Boost Convertor,Mini DC-DC Convertor,tht
140.9,-116.6,180.0,top,U201,,,TP4056_USB-Charger_Board,~,tht
200.7,-116.3,0.0,top,U202,,,Mini DC-DC Boost Convertor,Mini DC-DC Convertor,tht
198.975,-85.94,-90.0,top,U3,,None,MODULE_ESP32_DEVKIT_V1_30pin,ESP32-DEVKIT-V1 30pin,tht
